{
  "pipeline": "cosine",
  "solver": "ilp",
  "N": 100,
  "knn": 30,
  "num_clusters": 12,
  "ACC": 0.9795959595959596,
  "PC": 0.986722726266873,
  "RC": 0.9908888888888887,
  "PJ": 0.9048723897911811,
  "RJ": 0.8666666666666647,
  "F1C": 0.9888014192255781,
  "F1J": 0.8853575482401338,
  "RI": 0.9911111111111112,
  "VI": 0.14819425634148242,
  "m": 0.45999999999999996,
  "purity": 0.99,
  "nmi": 0.9686403742865186,
  "ari": 0.9438645325910462
}